Time [s],Channel 0
1.282695390,0
1.282699100,1
1.282700360,0
1.282704050,1
1.282705290,0
1.282708970,1